,/jointset/knee_r/knee_angle_r/value,/jointset/ankle_r/ankle_angle_r/value,/forceset/bifemlh_r/activation,/forceset/bifemsh_r/activation,/forceset/glut_max2_r/activation,/forceset/psoas_r/activation,/forceset/rect_fem_r/activation,/forceset/vas_int_r/activation,/forceset/med_gas_r/activation,/forceset/soleus_r/activation,/forceset/tib_ant_r/activation
0,-1.5640339905658365,-0.7467559878219368,0.13562358776052297,0.21767193804680882,0.15186,0.06130458325147629,0.6596937307035923,0.9349928097888232,0.20671771665668487,0.035352065186395644,0.19392641126318572
1,-1.4677275112784802,-0.816523037533939,0.21150813219022452,0.29618457781486984,0.16671808202445507,0.08065483033657074,0.6533019892472028,0.930040202208221,0.2234345941872597,0.039170469359988275,0.16459679853155015
2,-1.3491161175998747,-0.7810151131596565,0.26377693014402986,0.31754904366163667,0.18580429756343364,0.09367501854896546,0.6402682572954893,0.9412259013936519,0.24771265944957732,0.025238249969601036,0.15075719920744896
3,-1.246290251573324,-0.8668922039914431,0.2527275295455307,0.3347505578626275,0.22236749761343,0.10630477637052535,0.6192732192212344,0.9399595900481343,0.22290606770420074,0.017316071215525565,0.1194282325332433
4,-1.1918346797977686,-0.8523613171245159,0.2416589888874024,0.3698253189189464,0.2201742268127203,0.11469650715589523,0.5566803157663345,0.9298948447657824,0.24415608882665635,0.017229583710345626,0.10410602522261442
5,-1.0925757583595515,-0.8869057425032258,0.23534556230606435,0.3688136296296608,0.22369881306529044,0.11830910205841064,0.5483770218664408,0.9304743498507739,0.24543426644515992,0.016381970750163496,0.08777858531653285
6,-1.0058127017226814,-0.944006952473402,0.2402855205531895,0.3718531893991518,0.2220924888396263,0.11615272134542465,0.5454657961907983,0.9286418749850989,0.24602479756116868,0.01751194431664616,0.07334224488105177
7,-0.9160241363154054,-1.0040327472274007,0.23752120788592992,0.3756232335165417,0.22401161026895045,0.1166475674510002,0.5463718545383215,0.9303892262928486,0.24369042395114898,0.017266793107831774,0.06422965056722463
8,-0.8682350450784265,-0.9804677048806847,0.23120425318300128,0.3788012985443735,0.23052995012164115,0.13069910794496536,0.5286034992855787,0.9250858449141979,0.2467711216187477,0.02026449547945589,0.06132690255725086
9,-0.7724436822569967,-1.0354528036896886,0.22916050054859816,0.3759214838859844,0.22798743334412575,0.13053255617618562,0.5282098453283309,0.9250500632747412,0.24617302896213533,0.019340575221970677,0.05093304424247742
10,-0.6865561443076134,-1.104032412399918,0.22971911980044543,0.37795015755389927,0.22812223314106464,0.13043073683977127,0.5276058946248889,0.9226935929823519,0.24730738607835773,0.017150443659546374,0.044364809143894915
11,-0.5996778204357027,-1.1653971906449945,0.23029493864504694,0.377873557244572,0.22789545200884342,0.12964465379714965,0.5282642054617405,0.9230700438248516,0.2454834920744896,0.019152757763604818,0.03988324315196574
12,-0.5695482459431289,-1.1611803819352537,0.22934225761254132,0.37964663873472393,0.23150587739706038,0.13976622164249422,0.5208864770191908,0.9190638562335969,0.24711875084543228,0.01961086711806357,0.04521987948822379
13,-0.49228858861124514,-1.221922539155811,0.22977839224316776,0.37674180626657006,0.2285252928751707,0.1422987821698189,0.5208119122344256,0.9222478972312214,0.24790535270929337,0.02163817437015593,0.04135835614945889
14,-0.41156322974580517,-1.2938863250795305,0.22941778881559372,0.3786726992677825,0.2326467341071367,0.13812457293272018,0.5208024833971262,0.920618564093709,0.24875504302692414,0.021324801014642118,0.03750826485622526
15,-0.3401815610274672,-1.3603444871473014,0.22975172552414536,0.37749486911341246,0.2301184732991457,0.11855684965848923,0.521084675027728,0.9202227789179087,0.24649308377075196,0.01991485697762132,0.03440953892285824
16,-0.3174489411568642,-1.3580113256432564,0.2287805806553155,0.37711674618841884,0.23290344266474247,0.11808799684047698,0.5195685083687306,0.9155389710615873,0.24664000450468065,0.021527431413165033,0.03840168504717052
17,-0.24771866769254203,-1.4249976262544393,0.2262532401548922,0.3775886635892606,0.2322003756570816,0.09975963115692138,0.5189438960039615,0.9224576441275478,0.24881903886556628,0.020784276238154174,0.03309435790927708
18,-0.17758329393440486,-1.5005692349822224,0.22926672640948892,0.3777674472238457,0.23121502023160456,0.08791831672191619,0.5190153338783979,0.8947632238448859,0.24765665363883974,0.02094394320865184,0.03257977004346252
19,-0.1258266404299735,-1.560575021681398,0.22733502103660105,0.37928053387767907,0.23243127686560155,0.07304646819829941,0.5197570129552483,0.7965308129705191,0.24703317941093444,0.019555746456283926,0.030797479149079324
20,-0.1153342482483386,-1.5638966551975906,0.2293258812481582,0.3772164604551625,0.2367220962035656,0.07454369336366654,0.5203937721639872,0.7841054418264031,0.24811105181884768,0.020814079165561793,0.03429198133220375
21,-0.05345674728322014,-1.6222783806764185,0.2272004231979191,0.3743733544498646,0.2347867977875471,0.06729646384716034,0.5192205073022842,0.6845132849098444,0.24562327975511553,0.02067379885180354,0.03199093220845759
22,-0.00993055858480929,-1.6873631009364725,0.2287134287410408,0.3751360258015275,0.2342576839399338,0.05632546722888947,0.5217331000173092,0.6246803253554404,0.24798679050159456,0.017483085640403927,0.03284326119492948
23,0.02608878739422571,-1.718107700288728,0.22894355047178863,0.377017150912447,0.23499649197757244,0.05007878750562668,0.5192432375350594,0.5916347346463204,0.24887776683092117,0.021762756508289575,0.02819738871186972
24,0.037131772735238044,-1.7231910059801043,0.22893084923406243,0.37785550039495586,0.2322309349960089,0.051839899122715,0.5189419717514515,0.5861716044323444,0.24852970911693573,0.02030565892869711,0.029571975533479455
25,0.06838072015476238,-1.7478235892074703,0.22848077852315307,0.37762019614377973,0.23146075877010822,0.04621930062770844,0.5187375920817255,0.5617872919992805,0.24990233037757875,0.02109505290296316,0.028872725136277082
26,0.09592421019184605,-1.7655811824860423,0.228503358501333,0.3787210987642002,0.231917253113389,0.04073884755373001,0.51860873932302,0.5459313014937044,0.24897727670526504,0.020629950188310743,0.027432841503584385
27,0.1147360790998937,-1.7785959034208507,0.22786294563061,0.3773868552403378,0.2327273662751913,0.03786920040845871,0.5190364044433832,0.5338049563732148,0.24163378572750094,0.022047654789597096,0.02631952941645086
28,0.1199154201943875,-1.7754972485600709,0.22864142565957904,0.3770640927719104,0.2262220185649395,0.03694512575864792,0.5184658154678344,0.5319899130274952,0.2450811172938347,0.02069194617888838,0.02709358388709128
29,0.1386655570943356,-1.77133883372885,0.22824404156442285,0.37638275161275264,0.22644649953186513,0.035080188512802125,0.5183441546028852,0.5254427916064561,0.23021565777492525,0.020369779484396874,0.027083551683869958
30,0.14865832984942218,-1.7716880113374591,0.22726375298047066,0.3775196191939407,0.22642696076512336,0.031097403168678282,0.5186573266988993,0.5187746993737816,0.21532481668472292,0.020382408843733966,0.024895044049167633
31,0.16047437411344045,-1.7619361595207899,0.2282179334646523,0.37724692209273575,0.22656580480873584,0.0288604462146759,0.5185401878273487,0.5157082828608751,0.20582575732707978,0.020529151376405357,0.024944184346923234
32,0.1579335000290274,-1.7636683383410872,0.22785189084962607,0.37741933972103114,0.22913630271792412,0.027732231318950654,0.5183446597191691,0.5164348294874728,0.20787828711366654,0.0213942329831472,0.02552100686876774
33,0.16414268983125702,-1.7537557551506757,0.2293817137723297,0.37769593377001165,0.22966852558016776,0.02736555188894272,0.5174633761227131,0.5130411728220284,0.1997435817322731,0.01966504352867782,0.02617435410355628
34,0.1607138738129139,-1.7495882996428311,0.22736815597853957,0.3774304653581917,0.2308579385268688,0.023072263300418852,0.5184995620462298,0.5105543270083666,0.19440636911773682,0.018861721849722266,0.02404262757255137
35,0.16625899626660345,-1.7408086169788242,0.22694078284986316,0.37864229712559516,0.2264135136449337,0.024624366462230683,0.5182569619110227,0.5090520230652094,0.1885134588842392,0.02074467670490563,0.024208975500383974
36,0.16597966533368824,-1.7439106806193143,0.22806366634810268,0.3772909486782908,0.22561598820090295,0.021073671579360964,0.5194464626532793,0.508830465603292,0.1885610209746361,0.020178745670498908,0.023354546750447156
37,0.16690103476578022,-1.7467621248471739,0.22595899481423495,0.37837123614750207,0.2324980574887991,0.020959401428699495,0.5193247536820174,0.5069187287196517,0.18588728542232513,0.0203413339180395,0.02417736239488423
38,0.1635116657567619,-1.7573947015955746,0.22822010913963317,0.3772774432256949,0.22458842095077036,0.018655292689800262,0.51804101267308,0.5065840522850752,0.1809352828912735,0.02241588323625028,0.023815415667617322
39,0.16417419620883456,-1.764442279543191,0.22826859141049086,0.3781848371035236,0.2624135776221752,0.017877588868141177,0.5178671083524823,0.5049523351630271,0.17841799561405183,0.023081108182267544,0.027602747363954783
40,0.16645917703145763,-1.775406323066488,0.2298658308565885,0.3751021134315729,0.26035576380848885,0.01789378672838211,0.5161721786352992,0.50713910512501,0.17785274524879457,0.022920910070489346,0.025878316618382934
41,0.16495212197065356,-1.7965924817986936,0.22648794844370781,0.38196930885199065,0.4235479164773226,0.018695772588253022,0.5187608033776283,0.5054539998722076,0.17743305454015731,0.02375846085419029,0.022388130615714194
42,0.16679691003012653,-1.8293378866332173,0.22900038263041078,0.37748347574701546,0.498613608686924,0.016622033417224884,0.517963970413208,0.5051220354934335,0.17485676204109193,0.020409467541192175,0.022705719839784505
43,0.1632382262603045,-1.8553605850473196,0.22775695497782528,0.3779802919668501,0.5189010665941238,0.016314982175827025,0.5194283265733719,0.5052920201522708,0.17126034209918978,0.022093126384780407,0.02314509534482062
44,0.16646391579556452,-1.857821427582696,0.22757402187335193,0.37821970139965233,0.5194976435315609,0.014705316126346589,0.5176011044961214,0.5044845711513758,0.17128768967103958,0.021253805130144358,0.022379148294225337
45,0.16572889506012212,-1.8933025263427348,0.22812158634421525,0.37839607547110915,0.5278467380237579,0.014114463031291963,0.5175348621034622,0.5038546743198633,0.17016971589279176,0.02169199668658316,0.022334703300884367
46,0.1654057625778913,-1.926162792232722,0.2281372864852935,0.3785368415541136,0.5316012902528047,0.01390651673078537,0.5171631927311421,0.5044015035067201,0.16831098839187622,0.022303753410360217,0.022452115074631573
47,0.16220645643198495,-1.9642482727955133,0.22742146001557112,0.3776623486246794,0.533092858979106,0.013494666218757629,0.5181450906807185,0.503611529768616,0.167919754281044,0.020864714634305837,0.022079932000473142
48,0.16223271174663312,-1.9606925450378954,0.22778879627518056,0.37815473243826564,0.5343435169863701,0.014175743460655213,0.5183576724767684,0.5045013902716339,0.16770419996356964,0.02169521304211527,0.02185834862816036
49,0.1600930957148674,-1.9948432563600391,0.22807036977912484,0.37873237313982544,0.5340023342263698,0.012928773760795594,0.5181153609794378,0.5037191808868349,0.16723180531692505,0.021397272291585803,0.021946392876780036
50,0.15835601848280456,-2.023456627354145,0.22796884808035492,0.37738849136344965,0.5348604222643376,0.012009537816047668,0.5182119584554433,0.5034580142873526,0.1660559353427887,0.022073120063213707,0.022302419437611104
51,0.15595461775279063,-2.0424042552712263,0.22773825593339503,0.37744522021389126,0.535462180892825,0.012107905149459839,0.5177934816408157,0.5031654403319656,0.16593364002609254,0.022189174433009922,0.02156476086702943
52,0.15287698257720495,-2.0434580869291277,0.22724173162154257,0.37764842670438226,0.5351261039942503,0.012651462852954865,0.5175307249605655,0.503277903162092,0.1662054774107933,0.021738058438744844,0.021569835295403007
53,0.15148583512496971,-2.055867378945783,0.22680439154937265,0.37725709580372213,0.5345423422634601,0.013108543455600738,0.5184048407164216,0.5033215803833604,0.1646666786928177,0.021154098108648954,0.021924986954790355
54,0.15025042651474463,-2.057014877941817,0.22736356942047178,0.3782493301018232,0.5352010994935036,0.01199487417936325,0.5176951763907075,0.5033548686811924,0.16533239672756195,0.0215552278068462,0.021845195943123105
55,0.1471389796168805,-2.0561103656560182,0.226780459124583,0.37789381542346595,0.5346974643999338,0.01161748468875885,0.5180128464269638,0.503392771848172,0.1649268965101242,0.021343715545798836,0.0214393
56,0.14558287194383146,-2.0529279733806103,0.22688071657978295,0.37760597674655316,0.5341138543283939,0.010846891403198243,0.5179124004459381,0.5033572964085639,0.16517060496377944,0.02216388620648682,0.0214393
57,0.14503086996269232,-2.04388974218595,0.2278519202506393,0.3775103676614356,0.5345295270568132,0.010676327049732209,0.5177333006435633,0.5037307289954126,0.164151813393116,0.022339074305515585,0.021466334454610946
58,0.14350754941427724,-2.035440340634331,0.22659790823328196,0.3778172746095246,0.5348698504143954,0.010950215458869934,0.518093232075572,0.5038129873976112,0.16485987605524063,0.0211781765133664,0.022038111711463332
59,0.14149831343281294,-2.020520630568683,0.2273539846901506,0.3780408582696813,0.5346846744698286,0.011326247751712799,0.518260882575512,0.5035997629458606,0.16382674276256562,0.02136319072608501,0.0214393
60,0.14440740229582794,-2.03761810624592,0.22750475308612286,0.37791594770701525,0.5348711395180226,0.011948021352291107,0.5180425761282443,0.504931579187572,0.1648120115032196,0.020878111197714808,0.0214393
61,0.14381851479947594,-2.041607267754123,0.22713344768972396,0.378198104574576,0.5350216866004467,0.011189318299293519,0.5186787821143866,0.5046399238317311,0.16460777429151535,0.02084532797756642,0.0214393
62,0.14068375830519209,-2.045833413556114,0.22739079475874602,0.3780794410274279,0.5352217757046223,0.011248887479305268,0.5182600166618824,0.5046910810778737,0.16440240284872054,0.02143206204546064,0.02199914943383634
63,0.1371786097623111,-2.0437187844730764,0.22724646518467664,0.3782092004640436,0.5351043914449215,0.010558073818683624,0.5176333357256651,0.5037369623494744,0.16481536378622055,0.020766896115141213,0.02144224550152719
64,0.14071513660806412,-2.040099846083,0.2276871569723576,0.3774455474385136,0.5349690608406067,0.01164970338344574,0.5180755289524793,0.504000294219315,0.1642098608198166,0.021645374285292028,0.02220507207030654
65,0.140321563037753,-2.0260272177754195,0.22731097100775838,0.37812093905908284,0.5354956975871324,0.012152899205684662,0.5178084667572379,0.504172684734106,0.16431940233802797,0.022286933936476707,0.0214393
66,0.1375971579002142,-2.0131787860073596,0.2275290383230716,0.3769095832547664,0.5349679486727714,0.011015833020210267,0.5176923140650987,0.5039499899584651,0.16457999823236466,0.022473157971000968,0.0214393
67,0.13706026873433608,-1.9989375713119208,0.22757607994427978,0.3776612777077335,0.5353067048847675,0.011037489175796509,0.5176569078189135,0.5041317414400578,0.16430581677007675,0.021721917645386456,0.021572518326497078
68,0.13961407836401474,-2.0014564372062833,0.22782975188664495,0.37781795880646224,0.5345841243869066,0.011291491687297822,0.5183112017786503,0.503711482147783,0.1643203097229004,0.02175228122192353,0.02221796228491068
69,0.13784434208202367,-1.9927626409702004,0.22710907424973548,0.37741115910547196,0.5349891051381827,0.012352318763732911,0.5180650658294559,0.5039943889365196,0.16409250570964815,0.022736161428411006,0.022429134330043198
70,0.1368092423113585,-1.9803745426708756,0.22748446638697684,0.37744920640474555,0.5346342477691173,0.011855613887310028,0.5180229487526417,0.5029657324163914,0.1640322654361725,0.022307589430719615,0.02237812757587433
71,0.1327304471620918,-1.9697173634254337,0.2276895972564578,0.3771974814270651,0.5342566920655966,0.011812390089035035,0.518495930019617,0.5039377857073546,0.16415629990720748,0.022875792569493056,0.0214393
72,0.12808786715877063,-1.9688738386548907,0.22823575047868488,0.37824043554163334,0.5349871841210128,0.010108192265033723,0.5183117550012469,0.5038810075068474,0.16421633853960038,0.022514439451637863,0.02227121461945176
73,0.1275420127635003,-1.9684135051861555,0.22847533933570086,0.3779433155845225,0.5347874741649628,0.010878933072090148,0.518525298923552,0.5033812237395943,0.1638903353190422,0.023090993311655223,0.02200308649033308
74,0.12783709688520428,-1.9687151821905373,0.2282122884701073,0.37781858350801406,0.5351835575735568,0.010466964542865753,0.5185459605848789,0.5035097839331926,0.16339429825544358,0.021876479758021233,0.02213125955183804
75,0.1269751541165114,-1.9682899739736022,0.22796849526819585,0.3781901321928674,0.5350945335936546,0.010773809254169464,0.5182336784556508,0.5037415553472042,0.1638717591342926,0.02265976560756117,0.022050097861242297
76,0.12120359558331972,-1.9665510516977907,0.22795991017232536,0.37770069340088247,0.5344626958805323,0.010981726050376893,0.5184407280257344,0.5035673276333212,0.16369524757146836,0.021753550059427022,0.022183403677883747
77,0.1213918654005528,-1.966378537802875,0.22785065600706933,0.3781896859774732,0.5357305419361591,0.010582857429981232,0.5183588751345872,0.5033979991170168,0.16361887601137162,0.02242700769529253,0.02212286049797833
78,0.12113648443758485,-1.966089384358734,0.2277335517712742,0.3778547567026323,0.5354150654190779,0.01069388210773468,0.5176955852943659,0.503346951227963,0.16383833712482454,0.02206491688121438,0.022033270590141416
79,0.12172537193393707,-1.9666882921330928,0.22820902495763598,0.3778723375891614,0.5355665224570036,0.010335994958877564,0.5186016676950455,0.5034843693457544,0.1634595795559883,0.021899171293839514,0.021574297292765977
80,0.12069488285267371,-1.9658602550790607,0.22784865673816798,0.3774073811484682,0.5353503827488422,0.01010161280632019,0.518394113008678,0.5039671808928251,0.16411481225442887,0.021743546898643672,0.022144616380545497
81,0.12024418796366465,-1.966034917987272,0.2270531829235375,0.378232849879933,0.5357250063735246,0.010922009348869324,0.5182256687545777,0.504324866058886,0.16338824902296067,0.021071948257260026,0.022177279367777705
82,0.12000379174125198,-1.9666036654715837,0.22735927687253654,0.377910890599215,0.5356677550065517,0.010563355088233948,0.5185975786584616,0.5038108439986706,0.16421704428339004,0.021734399465478955,0.022486265394318104
83,0.11944436142718806,-1.9658283162952512,0.22847057637155352,0.37796622130808827,0.5356188196218014,0.010375501215457916,0.518249240847826,0.5035337768784762,0.16398122503709794,0.022280530733261406,0.02213639230697453
84,0.12007653817403319,-1.9648952740053534,0.22684234825748503,0.37859226150606573,0.5349542993402481,0.01,0.5186656009846926,0.5036079428561032,0.1639408968205452,0.021847562066081166,0.021883954077079895
85,0.11849737705397612,-1.964970637678519,0.22803891069494187,0.37818117813729163,0.5354151918017864,0.01,0.5181811463621259,0.5033581931366921,0.16349458948898316,0.022260937521579562,0.0214393
86,0.1190224833469391,-1.9650474834298193,0.22763932152379154,0.37786722098597525,0.5349108236885071,0.010185021460056305,0.5183286884233356,0.5036228810344339,0.16357121310043335,0.021682318112137913,0.0214393
87,0.11964313337028032,-1.9666301946702003,0.22762811973774133,0.3784259421548235,0.5351255731868744,0.01,0.518187111544907,0.5035337331356406,0.1631790716047287,0.022061995604171457,0.0214393
88,0.12131348368072525,-1.9642960698153675,0.22766472399924398,0.37765497119682967,0.5347901787549257,0.01,0.5164478759136796,0.5032559223872424,0.1634635619673729,0.021094993887265323,0.0214393
89,0.11990991298204667,-1.9656534310753195,0.22728359866441786,0.377693167234568,0.5350956963145732,0.01,0.5185037232422829,0.5038239668493271,0.16330794546175004,0.02176514664405197,0.0214393
90,0.11965568469142918,-1.965696781860769,0.22739567532694638,0.3780095934443986,0.5351375795441866,0.010005694329738617,0.5183535834401846,0.5036269709895551,0.16301702778959276,0.02168296728481412,0.0214393
91,0.11840004027771966,-1.9653960682071745,0.22815325123549102,0.378354666682533,0.5361075921088457,0.01,0.5179682759281993,0.5034041668568254,0.16307890639686584,0.021476353326687216,0.0214393
92,0.11904630524218085,-1.965864997729093,0.22773416919255257,0.37758217859219906,0.5355325760614872,0.01,0.5176358132007718,0.5038495126652718,0.16406374665021897,0.021561365439421235,0.021769750275292994
93,0.11883075551265487,-1.966408846300736,0.2276240917989254,0.37811097358194706,0.5347436446416378,0.01,0.5179569468915463,0.5036376442414224,0.16384932656383516,0.02173646501490325,0.021849220489764214
94,0.11945768119657041,-1.9665532748149932,0.22763990954405663,0.37803238017719265,0.5351334341913462,0.01,0.5177383037000894,0.5039534456424714,0.16377666015863418,0.021775769469662608,0.0214393
95,0.1192639041669965,-1.9669486932614149,0.2276626659283161,0.3778033229415345,0.5353134789979458,0.01,0.5181044648995995,0.5035121241748929,0.1635527125310898,0.021546611514962018,0.0214393
96,0.12084806020057215,-1.9682621850085704,0.22819664713105559,0.37793689008284687,0.5345294512271881,0.010162480175495148,0.5180115956628323,0.5033319911782146,0.1638475369992256,0.021902889282803237,0.021559394804841283
97,0.12244207798647877,-1.9690783654375226,0.22907582563042342,0.37772517575217424,0.5350737562763691,0.01,0.5181353250992298,0.5035315459938645,0.16345058132266999,0.023184267622086405,0.0214393
98,0.1218731701442004,-1.9690479828357548,0.2275311257950127,0.37753443354502614,0.5346712779027223,0.010001416206359864,0.518295952077508,0.5036832024046183,0.16367505825805664,0.020928540111516417,0.02153265198404491
99,0.12051429751777665,-1.9701899240387828,0.22873433286146522,0.37730493009397387,0.5352132827866077,0.01,0.5181609417107701,0.5037747561593652,0.1637555886654854,0.0215601851254645,0.0214393
100,0.12044526525145782,-1.970449658231944,0.22765384562433957,0.3775919060877913,0.5343175074249507,0.010288168489933015,0.5185314565315843,0.5032036496987939,0.16378288582706452,0.021813775579069557,0.02185922352960408
101,0.12036842042809726,-1.9697783509406894,0.22794550367583036,0.37783357634525716,0.5351720820236205,0.01048401802778244,0.5179460748648643,0.5034060040559173,0.16425396980667115,0.02257758624832332,0.021604539719337228
102,0.11988993332797304,-1.9696556348711103,0.22797825640459657,0.3773065067216998,0.5347611612850427,0.01043633908033371,0.5182592950671912,0.5030354147533774,0.16355530866003037,0.021035476555996836,0.02189722341564298
103,0.11953426987051974,-1.969162621579498,0.22721291862855256,0.37806174115012703,0.5350527767467499,0.01055990308523178,0.5182966255658865,0.5031414692580998,0.1641085613808632,0.021657944628931284,0.02148179104678333
104,0.11913864710491895,-1.9688336002335252,0.2275847826442033,0.3778783466231358,0.5354234066778422,0.01007927805185318,0.5177551168563962,0.5035563919244409,0.16357448976802827,0.02218448268503189,0.0214393
105,0.1179274446140528,-1.9695951660832018,0.22801159715362787,0.3775989562910187,0.5351107358568907,0.01,0.5177765482187271,0.5041290512556732,0.1637447252521515,0.021738176470140515,0.0214393
106,0.11915619333958638,-1.9709154012858718,0.2275374176118493,0.3779520614062476,0.5350253011459112,0.010066856741905213,0.5178594353955984,0.5040369944583177,0.16362280801248552,0.0223701460704267,0.021804046411886813
107,0.11885316858613493,-1.9689222285059989,0.22755282374279498,0.3776601770430946,0.5351324484062194,0.010282621681690217,0.5178785817080735,0.5029316567475199,0.16394019107675553,0.021855293122497794,0.0214393
108,0.11792808498758078,-1.9700910694271774,0.2277043271640986,0.3779594388340974,0.5344378490400314,0.010391197502613067,0.5180910432383418,0.5034298001584411,0.16339016461324693,0.02192926929973632,0.0214393
109,0.11872381313347824,-1.9677000327719598,0.22767654320657252,0.3781395611148649,0.5350104385393858,0.010732709765434265,0.5176587839651108,0.504189241397351,0.16404128887462616,0.021343804069345593,0.021805125457000734
110,0.11914441046667101,-1.967356709371984,0.22723344053580463,0.37775025305732485,0.5350805303895474,0.010550402700901032,0.5173299773174524,0.5035673713761568,0.16319447194242478,0.021298568536953628,0.021855257309725883
111,0.11754552584195155,-1.965052596599385,0.22738138643450437,0.37855055524056014,0.5352895421129464,0.01,0.517949442306757,0.5031673868881464,0.164020847509861,0.021939213444821835,0.02145490240907967
112,0.11886828140139594,-1.968644561167404,0.2277184102494478,0.3778261989174074,0.5351075762891769,0.010358123183250427,0.517984126958251,0.5036927820855975,0.16354079050207138,0.02197119995304942,0.02202670882931352
113,0.11997663990366458,-1.9691260142495632,0.2273255539103329,0.3776002651895082,0.5347307536053658,0.01,0.5184966997206211,0.5034455913220643,0.1634509089894295,0.02148083851972282,0.02146662608842552
114,0.11920985664123296,-1.9684423316058814,0.22769977000704406,0.37782013038804707,0.5353389830285311,0.01,0.5177448221054674,0.5033193057559133,0.16405457198095322,0.02214007337240964,0.02149226070072651
115,0.12055733061885832,-1.9697221060754657,0.2270548881823063,0.37760579826039553,0.534969035564065,0.010251435637474061,0.5178443300133944,0.5037036740516424,0.16365887656116487,0.02222889199765414,0.0214393
116,0.12070179888677601,-1.9700314898861497,0.22826603352233768,0.3778748661430615,0.5356546870344877,0.01,0.5178549615085125,0.5041070704808235,0.16319379140377044,0.021283696581098736,0.0214393
117,0.11981603422284137,-1.971583225693509,0.2281138244767159,0.37793647361514565,0.5356548639702796,0.01,0.517707491606772,0.5034574018876553,0.16399387801504137,0.02160645343256861,0.0214393
118,0.12030246195471284,-1.9709924693488925,0.22794085831573604,0.37777524111939664,0.5358827572703362,0.010035198628902436,0.5177501859593391,0.5036556444182396,0.16387090215969086,0.022506088730393947,0.0214393
119,0.12044769867086424,-1.9712285643958003,0.2279460034930557,0.37724894493585587,0.535900198084116,0.01,0.5179055934026837,0.5037097543057799,0.1641713221678734,0.021013168622214494,0.0214393
120,0.1206410914763214,-1.9708837589176893,0.22749663840646445,0.3779893352655047,0.5354858650124072,0.01,0.5176624400448799,0.5038741617530882,0.16306300195646287,0.021154334171440303,0.0214393
121,0.1193841663155557,-1.9698322244808972,0.22782581215086878,0.3777878838888973,0.5347598216283321,0.01,0.5178990509441495,0.5036858269747496,0.163528213139534,0.021387623224989473,0.0214393
122,0.11919692109596736,-1.9698640891608,0.22757887304053903,0.3773190007527357,0.5347776668667793,0.010092850029468537,0.5180602311450243,0.5033485697128772,0.16340410305309297,0.021490369554923474,0.0214393
123,0.11902760633516318,-1.9708939852568208,0.22764561334062813,0.3777554291558969,0.5352802150690555,0.01,0.5180930396503209,0.5034953269260526,0.16344261649990083,0.021767477764116527,0.0214393
124,0.12017707681792977,-1.971894462101862,0.22808286520975826,0.3772072386703503,0.5342590175074339,0.01,0.5186303390574455,0.503819767537117,0.16335770039892197,0.021969193419322967,0.0214393
125,0.1189694604188205,-1.9684040198860915,0.22759642544545233,0.377510665138365,0.5352971503520012,0.010130910575389862,0.5177119414407014,0.5036553382183909,0.16338575371456146,0.021048135423182845,0.0214393
126,0.11915247917312399,-1.971017961092815,0.2284821897717893,0.3762432944282377,0.5347152085322142,0.01015091449022293,0.5186592509514093,0.5034475160068274,0.16324447893095018,0.021288034234889744,0.0214393
127,0.11959369653391838,-1.9682047544808388,0.22714194458255468,0.37782441405583084,0.5348927762377262,0.01,0.5180495034372806,0.503119226026237,0.16346663699388506,0.021073069555518922,0.0214393
128,0.11752887613022334,-1.969839116144225,0.22729950461258888,0.37725159248052775,0.5346764090406895,0.01,0.518069876460731,0.5035545328539313,0.16327399414443972,0.021405563997131883,0.021882991685491803
129,0.11828169924974441,-1.9687764661214202,0.22908629239114225,0.3777926435197681,0.5347418247306347,0.01,0.5178746369904279,0.5040498329805434,0.16394301405191422,0.021376646305191815,0.0214393
130,0.11851441098982107,-1.9698268889996111,0.22798081429274974,0.377386260286479,0.5347201374578476,0.01,0.5182998967951536,0.5034643569985032,0.16343422318983078,0.02174826815447062,0.02156085297391415
131,0.11741642653870588,-1.969364480621487,0.22750560571550726,0.3780382702203953,0.5347534266632795,0.01,0.5178587378540634,0.503602103187561,0.16341594946670532,0.0210179784015882,0.0214393
132,0.1163170332658292,-1.9662118781165927,0.22790716475454567,0.37717740173432884,0.5353053146749736,0.010148760676383973,0.5180934004476666,0.5032732226786911,0.1639481558995247,0.021756323797225356,0.0219566000602901
133,0.11644485182201869,-1.969948197094962,0.22753565355105398,0.3772628073607671,0.5354477732640505,0.01,0.5184855150029063,0.5034111657105088,0.16318663314533233,0.022046681030582785,0.02188421654751301
134,0.1165766406940818,-1.9685817210544796,0.22770265130634307,0.3776582731907463,0.5353311978536844,0.01,0.5180368033707142,0.5036119671969712,0.16386001354122162,0.02266239180611491,0.02224592996772826
135,0.11705884196066862,-1.9689763984618336,0.22763491137180328,0.3780321124479562,0.5351655353993177,0.01,0.5185187083587051,0.5037921658079028,0.1637905229830742,0.022568910940741302,0.021753156311243773
136,0.11840042450183641,-1.9687541608454884,0.22768110036362707,0.3776596415846216,0.5350197150301933,0.01,0.5180482526731491,0.5038752334525585,0.16368370361948015,0.021770546580404043,0.02149672269808948
137,0.1179379467399122,-1.9686192176312953,0.2264595176638901,0.3775582019516873,0.5355091194307804,0.010539220571517944,0.5180941460955143,0.5045193904484511,0.1629688103656769,0.021844139155606627,0.0214393
138,0.11796407397985464,-1.9668690315616577,0.22760148241973222,0.37727066075170396,0.5351238038289547,0.01,0.5181719340032339,0.5033504069119692,0.16393814946079255,0.021937236418944298,0.0214393
139,0.11692205817508694,-1.9681979369214178,0.22719942356346845,0.3773554416765904,0.5345939822381736,0.01,0.5185024243718386,0.5031940262749791,0.16429036602211,0.02189203039440125,0.021556274323025346
140,0.1180370765620471,-1.9703102687833458,0.22752736246531605,0.3779375742797845,0.5352601202183962,0.01,0.5178939516749977,0.5033551311382055,0.16322307977104186,0.021880020699891447,0.0214393
141,0.11925301781702058,-1.970493601848647,0.22723917373338937,0.37783185097906646,0.5355632112300396,0.01,0.5181282053649425,0.5034815041900278,0.16364970189189912,0.021450445435336828,0.0214393
142,0.1186827011529803,-1.9700005885570349,0.22724722961102128,0.37809148884306965,0.5354205251520872,0.01,0.5179193277549744,0.5036369662274718,0.16382202940225601,0.02145307163389057,0.02148596141033173
143,0.11952095010113717,-1.9716338386618197,0.22722262096292672,0.37836222259654045,0.5351323473000527,0.01,0.5176330951941013,0.5033696975024342,0.1629501837706566,0.02207884458590388,0.0214393
144,0.11792795691287528,-1.9715618837683648,0.22758569407561421,0.37785555989034175,0.5349793736696243,0.01,0.517480141172707,0.5037491009863317,0.16318393619585037,0.021747441934700906,0.0214393
145,0.11884138571321978,-1.9727871918664872,0.2274190491324842,0.37797806088987945,0.5350760817182064,0.01,0.5177733972552419,0.5037241894415021,0.16360513921260833,0.021562929355413915,0.0214393
146,0.11755218572664261,-1.9733391177639663,0.2275317726173043,0.3782826772656119,0.5349410291558504,0.01,0.5175911464893818,0.5039474091311693,0.1634510854253769,0.0213614202551499,0.0214393
147,0.11832562887376552,-1.972947182201162,0.2272550208795339,0.3774927272795206,0.5349905206245185,0.01,0.5179558644995094,0.5034674189969898,0.16343205554819107,0.021929741425319015,0.0214393
148,0.11924456488645085,-1.9719392208615392,0.22728236382186115,0.3778394961361527,0.5349121127921344,0.010924045145511627,0.5169254994398356,0.5038616731735468,0.1639092391705513,0.02158095865110308,0.0214393
149,0.11900455288815515,-1.970969126618266,0.22777118506824076,0.3780032869334948,0.5345881939101219,0.010119757950305938,0.5176946231681109,0.5031945074461699,0.16340737972068786,0.021687039367964865,0.021589287270835044
150,0.11794409432578101,-1.9700906248037369,0.2268130942492962,0.37793611664283033,0.5352071153104305,0.010213316082954407,0.5178044498801231,0.5027065561159253,0.1640693169851303,0.021230434913800954,0.0214393
151,0.11771983551627407,-1.969585903094858,0.22721853422208427,0.3773240876082289,0.5349732567465305,0.010023249387741089,0.5181111997833848,0.5037132756040394,0.1633367549314499,0.02173525519309759,0.0214393
152,0.11874430508637435,-1.9696491137273162,0.22723197048514188,0.37772963790611563,0.5349977497154474,0.01,0.517649908350408,0.5035907737931609,0.16330744135904313,0.02206833979168892,0.0214393
153,0.11923111704236278,-1.9672899417520016,0.22850700422697662,0.37678116246433313,0.534543580814004,0.01,0.5177967288169265,0.503901260439694,0.16240439176988603,0.021960577127438784,0.0214393
154,0.12182603865253938,-1.9665796558057964,0.227799909858191,0.37680579355408966,0.5345679474002123,0.01,0.5184144138726592,0.5037150909317136,0.16249308864116668,0.02035455343435496,0.0214393
155,0.11958908584451677,-1.9633129332845063,0.22715355798279047,0.37775834442980527,0.5352526636385917,0.01,0.517923464897871,0.5030983606936932,0.16312238525533676,0.021996429163874686,0.0214393
156,0.12066260802686224,-1.966054555522561,0.22787876337574123,0.3772297279262149,0.5354479501998424,0.01019965559244156,0.5178748775219917,0.5038202049654722,0.16324979721450805,0.02186600447165519,0.0214393
157,0.11992464157319072,-1.9672763807370663,0.22801783016843796,0.37731177206335065,0.5348996514570713,0.01,0.5183316469615697,0.5034029420574307,0.16357474181938172,0.02176927774290055,0.0214393
158,0.12041273427623511,-1.967311505988866,0.22783007529779076,0.3776363193933546,0.5351957914197445,0.010246508419513703,0.5175115064886212,0.5035726205164195,0.1635196181883812,0.02172224223172456,0.0214393
159,0.12102365062195064,-1.9686851701083035,0.22736383402959107,0.37782527673892613,0.5355327277207375,0.01,0.5180430331382155,0.5035061314064264,0.16352390306138992,0.02153501493033707,0.021743736539033057
160,0.12001250082123294,-1.970088549894348,0.227212507014367,0.37795857615100203,0.535765499393344,0.01,0.5178786298143864,0.5039160455181002,0.16394054394865037,0.022003422524068353,0.0214393
161,0.11987136249566088,-1.9697994705541133,0.22816268896074593,0.37775667855900047,0.5351139712542295,0.01,0.5177614909428357,0.5038485503228903,0.1636056181101799,0.021464255108630655,0.0214393
162,0.11900250369286547,-1.972449870882958,0.2273743595923364,0.3775856888199663,0.5350969348651171,0.010587047040462493,0.518396037261188,0.5040444307403564,0.1637580335636139,0.02199651768742144,0.021515095628407598
163,0.12002249064826964,-1.9706544814302027,0.2271514411098361,0.3781782331156903,0.5348895408403873,0.010142623782157897,0.5178996522730589,0.5034781578631103,0.1635373121933937,0.02141093442563504,0.0214393
164,0.1195688500410319,-1.971815319129452,0.22794565068089664,0.37817748942336676,0.535192353810072,0.010018027126789094,0.5180937852981686,0.5036706044679881,0.16350638549232482,0.02187205358068347,0.0214393
165,0.12009831087398526,-1.9727748906179667,0.22727304370065926,0.37784482097318944,0.5350534844899177,0.01,0.5178266749966144,0.5032714948366881,0.16368680385112763,0.021751395986455976,0.0214393
166,0.11793820288932322,-1.9717959039058834,0.2274759694941461,0.3779737772220957,0.5352803161752224,0.01042559951543808,0.5177300294142961,0.5034266506742835,0.1639123898124695,0.02101325714576125,0.0214393
167,0.11912878535258775,-1.9721026940798312,0.22777727107798457,0.3782212780273783,0.5346129143679141,0.01,0.5179726776558161,0.5035863557667732,0.1633333270330429,0.02122143501988083,0.0214393
168,0.11753681676197059,-1.9693340239158124,0.22755114788503944,0.3779260321749228,0.5347405103504658,0.01082862824201584,0.5180814700821041,0.5033095948464275,0.16356808766365052,0.021811710029645263,0.022322104720094802
169,0.11739785570639372,-1.9692050831180663,0.22829225922616123,0.3785221759414929,0.5348530667906999,0.010771212875843048,0.5184136201184988,0.503385816737324,0.1641790853495598,0.021562722800471484,0.02165907524266243
170,0.11737057579410082,-1.9697571572233588,0.22713477073532043,0.3788709081458592,0.5352766258001327,0.010430556237697602,0.5178781968575716,0.5032630743408502,0.16424902960014343,0.021793946304596364,0.02181192052488029
171,0.11760623325240616,-1.9693682599207312,0.22798966399773954,0.37773407031236406,0.5351121007901429,0.010287784934043885,0.5178017078202962,0.5043109339657724,0.16403763413000108,0.022354595434046685,0.021686138860654833
172,0.1192078074459435,-1.969285337649077,0.22784118888080118,0.3774974571626985,0.5344029168593883,0.010017023980617523,0.5170483389094472,0.5035538110971451,0.16342030995512008,0.021441770127754806,0.021643006219479444
173,0.11648711647486687,-1.9692593271778076,0.22730288572911322,0.3784671129618561,0.5348605739235879,0.01,0.5184733922120929,0.5037181748016178,0.16346303265953063,0.022654218131964506,0.0214393
174,0.11784381183129566,-1.9692781495701224,0.22679474801702498,0.37860680812791464,0.5341649634957313,0.01,0.5176388198453188,0.5035701271747947,0.1633999694108963,0.020989739390173255,0.0219430682512939
175,0.11772188471156375,-1.9705150919816048,0.22766007863914967,0.37764848619976815,0.5347087630140781,0.010786466598510742,0.5178489001131058,0.5031187448550463,0.1645041811852455,0.02255940941338956,0.021845079289597273
176,0.12008921756988777,-1.9698383751051574,0.22774034340533614,0.3779370388213116,0.5348681568861008,0.010044049918651581,0.5180901532715559,0.5036237121483087,0.16377202241373062,0.021603738710468112,0.02169293392853439
177,0.12172140161806344,-1.9694986086927055,0.22746073976927994,0.3775638242656535,0.5342429416269063,0.01,0.5181839605814218,0.5036559506180882,0.16351135090398788,0.021346548299295005,0.0214393
178,0.11878631358981151,-1.9707238426869214,0.22764746560446322,0.3777831540057194,0.5346387469935416,0.01,0.5179946622407436,0.5037575433535875,0.1635373121933937,0.02221909539181322,0.0214393
179,0.11686442455756674,-1.9721918410796522,0.22734437055881618,0.37786960080141063,0.5345230562621355,0.010566748082637786,0.5176126259580255,0.5031575447501541,0.16329375497055054,0.021631092486415503,0.02160602705179155
180,0.1180068509315253,-1.970355694478184,0.2282441297674626,0.37739732642825363,0.534556724615693,0.010263001322746277,0.5181759268271923,0.5036627745004296,0.16387743028974533,0.021754287755649984,0.0214393
181,0.11762429178589584,-1.970082547477901,0.22769480123580396,0.37728681374897177,0.5347556004458666,0.01,0.5181705870264769,0.5042573052494228,0.16364995394325257,0.021715130840135217,0.0214393
182,0.11775800177854312,-1.9700185958063752,0.22759677825761138,0.3778249792619967,0.5350489852654934,0.01,0.5178806021732092,0.5040441245405078,0.16388660495901108,0.021623331922149956,0.0214393
183,0.11850518961101786,-1.9676388229449837,0.22717302145356535,0.377739811617102,0.5342646036231518,0.01,0.5175112419039011,0.5040496798806191,0.16372279678440094,0.021436281667855977,0.0214393
184,0.11851953397804516,-1.9701834769988955,0.22703760038651227,0.3776017525741553,0.5349640813618899,0.010244059562683107,0.5179060985189676,0.5036837710614801,0.1636101550345421,0.021576532473765314,0.0214393
185,0.12038289286983028,-1.969382561974734,0.22757722658379673,0.377838335976128,0.5348091867142916,0.01,0.518435075533986,0.5033804144971371,0.16315797490644454,0.02151893315267652,0.0214393
186,0.11862314641487615,-1.9686587150135935,0.22742754602531493,0.37811228248043655,0.5349720940256119,0.01,0.5178645827710628,0.5034378488401771,0.16323444728708267,0.02225854738581717,0.0214393
187,0.1181385117288829,-1.9689603920179755,0.22703789439664482,0.37810978367422937,0.5352474061179161,0.010092200934886933,0.5179875425064564,0.5033866478511989,0.16337950284099578,0.021396652626758515,0.0214393
188,0.11823712925219554,-1.971761519693151,0.22726113629029093,0.3776489324151623,0.5351541356790066,0.01,0.5180933042350411,0.5035854809100628,0.16334411483097078,0.02169783924066901,0.0214393
189,0.11781064048254497,-1.968970025525853,0.22747467584956288,0.37765434649527785,0.5352120189595222,0.01,0.5176735285499692,0.503904453666687,0.16307121883058548,0.020945772695284783,0.0214393
190,0.11816310207235814,-1.9693630726472586,0.22746232742399572,0.3777115215611136,0.5352855736958981,0.010106864571571351,0.5177163191151619,0.5033448953146935,0.1628535472817421,0.021387387162198124,0.0214393
191,0.11788172194415347,-1.9697811668891458,0.2272034515022844,0.37732498003901715,0.5353817256605625,0.010012775361537933,0.5177586045640706,0.5033169873856307,0.16347755081748963,0.021597305999403894,0.0214393
192,0.1200364507911802,-1.9702815905714333,0.2278593881080061,0.3774363851490873,0.5352824899578095,0.010165696144104005,0.5181406648999453,0.5036122952682376,0.16343341662549973,0.022030658268620072,0.0214393
193,0.12050763763308536,-1.9697432997927964,0.22685034533309043,0.37780796358163354,0.5353679499453305,0.01,0.5185007165977359,0.503711853961885,0.1637627973341942,0.021512116839576365,0.0214393
194,0.11958780509746081,-1.9673259562506824,0.22775854263254106,0.37796003378795623,0.5353452516108752,0.010246862471103669,0.5179557442337275,0.5032889919708967,0.1636581204071045,0.02147653037378073,0.021649130529585482
195,0.12094642157447355,-1.966315549482137,0.2286084965247333,0.3785247639907789,0.535937834854722,0.010916934609413148,0.5170109362512827,0.5029611612900794,0.16362686603927612,0.022071113529487252,0.0214393
196,0.11986111651921272,-1.967668242195964,0.227555705042094,0.37787623453693686,0.5356737708234787,0.010264151990413665,0.5183427114135026,0.5029813923515082,0.16363730096530915,0.020807498915252985,0.021628599509039524
197,0.12018348055320982,-1.9686348535556197,0.22756155584373175,0.37874034552153407,0.5357115087002515,0.01011822372674942,0.5183866805833578,0.5037225272137522,0.1639190439682007,0.02127797205840856,0.0214393
198,0.11881167238152024,-1.9684667858951093,0.2275058997256398,0.3784958492332387,0.5356318623173237,0.010153481364250183,0.5174426904082298,0.5031794161679148,0.16375231199789048,0.02132778130738288,0.021720726631063225
199,0.12044782674556975,-1.9686059530319868,0.22756014459509552,0.37810169230174895,0.5355020419991017,0.01,0.5175745498114824,0.5030179176191688,0.16380315075588225,0.021514565991036592,0.021682201804158092
200,0.11787339708828926,-1.9686292216587067,0.22806928194163442,0.378077834652009,0.5351238038289547,0.010457523167133331,0.5178379318737983,0.5034060915415883,0.16319895845651627,0.021675501799037752,0.021528481620496514
